time,latitude,longitude,windspd
2019-10-01 00:00:00,49.5,-114.0,1.6926433
2019-10-01 01:00:00,49.5,-114.0,1.6999296
2019-10-01 02:00:00,49.5,-114.0,1.367588
2019-10-01 03:00:00,49.5,-114.0,1.115796
2019-10-01 04:00:00,49.5,-114.0,1.4576228
2019-10-01 05:00:00,49.5,-114.0,1.8072393
2019-10-01 06:00:00,49.5,-114.0,1.9868007
2019-10-01 07:00:00,49.5,-114.0,1.9914804
2019-10-01 08:00:00,49.5,-114.0,1.9399532
2019-10-01 09:00:00,49.5,-114.0,2.1285524
2019-10-01 10:00:00,49.5,-114.0,2.2860303
2019-10-01 11:00:00,49.5,-114.0,2.30933
2019-10-01 12:00:00,49.5,-114.0,2.3526223
2019-10-01 13:00:00,49.5,-114.0,2.3736806
2019-10-01 14:00:00,49.5,-114.0,2.3581424
2019-10-01 15:00:00,49.5,-114.0,1.9897772
2019-10-01 16:00:00,49.5,-114.0,1.7397172
2019-10-01 17:00:00,49.5,-114.0,1.5832237
2019-10-01 18:00:00,49.5,-114.0,1.8799872
2019-10-01 19:00:00,49.5,-114.0,2.202375
2019-10-01 20:00:00,49.5,-114.0,2.024337
2019-10-01 21:00:00,49.5,-114.0,1.7804495
2019-10-01 22:00:00,49.5,-114.0,1.8968753
2019-10-01 23:00:00,49.5,-114.0,1.6321124
2019-10-02 00:00:00,49.5,-114.0,1.751007
2019-10-02 01:00:00,49.5,-114.0,2.290905
2019-10-02 02:00:00,49.5,-114.0,2.3110633
2019-10-02 03:00:00,49.5,-114.0,2.16633
2019-10-02 04:00:00,49.5,-114.0,2.1712089
2019-10-02 05:00:00,49.5,-114.0,2.1918316
2019-10-02 06:00:00,49.5,-114.0,2.2406988
2019-10-02 07:00:00,49.5,-114.0,2.276109
2019-10-02 08:00:00,49.5,-114.0,2.3833964
2019-10-02 09:00:00,49.5,-114.0,2.4587827
2019-10-02 10:00:00,49.5,-114.0,2.531093
2019-10-02 11:00:00,49.5,-114.0,2.5833395
2019-10-02 12:00:00,49.5,-114.0,2.6257532
2019-10-02 13:00:00,49.5,-114.0,2.666557
2019-10-02 14:00:00,49.5,-114.0,2.6716702
2019-10-02 15:00:00,49.5,-114.0,2.417155
2019-10-02 16:00:00,49.5,-114.0,2.2554593
2019-10-02 17:00:00,49.5,-114.0,2.4264495
2019-10-02 18:00:00,49.5,-114.0,3.341087
2019-10-02 19:00:00,49.5,-114.0,3.9862564
2019-10-02 20:00:00,49.5,-114.0,4.0074487
2019-10-02 21:00:00,49.5,-114.0,3.9252675
2019-10-02 22:00:00,49.5,-114.0,3.7841246
2019-10-02 23:00:00,49.5,-114.0,3.3071988
2019-10-03 00:00:00,49.5,-114.0,3.0337737
2019-10-03 01:00:00,49.5,-114.0,2.8800025
2019-10-03 02:00:00,49.5,-114.0,2.77036
2019-10-03 03:00:00,49.5,-114.0,2.6386347
2019-10-03 04:00:00,49.5,-114.0,2.606557
2019-10-03 05:00:00,49.5,-114.0,2.5855715
2019-10-03 06:00:00,49.5,-114.0,2.5564582
2019-10-03 07:00:00,49.5,-114.0,2.5777762
2019-10-03 08:00:00,49.5,-114.0,2.6085408
2019-10-03 09:00:00,49.5,-114.0,2.610343
2019-10-03 10:00:00,49.5,-114.0,2.602022
2019-10-03 11:00:00,49.5,-114.0,2.6128135
2019-10-03 12:00:00,49.5,-114.0,2.6315212
2019-10-03 13:00:00,49.5,-114.0,2.6135404
2019-10-03 14:00:00,49.5,-114.0,2.5831957
2019-10-03 15:00:00,49.5,-114.0,2.2898118
2019-10-03 16:00:00,49.5,-114.0,2.123158
2019-10-03 17:00:00,49.5,-114.0,2.4572227
2019-10-03 18:00:00,49.5,-114.0,3.380519
2019-10-03 19:00:00,49.5,-114.0,3.7174244
2019-10-03 20:00:00,49.5,-114.0,3.84085
2019-10-03 21:00:00,49.5,-114.0,3.6380677
2019-10-03 22:00:00,49.5,-114.0,3.6161463
2019-10-03 23:00:00,49.5,-114.0,3.3093278
2019-10-04 00:00:00,49.5,-114.0,2.9205592
2019-10-04 01:00:00,49.5,-114.0,2.7747808
2019-10-04 02:00:00,49.5,-114.0,2.4869974
2019-10-04 03:00:00,49.5,-114.0,2.359927
2019-10-04 04:00:00,49.5,-114.0,2.2867718
2019-10-04 05:00:00,49.5,-114.0,2.2671993
2019-10-04 06:00:00,49.5,-114.0,2.2825866
2019-10-04 07:00:00,49.5,-114.0,2.2416036
2019-10-04 08:00:00,49.5,-114.0,2.2759376
2019-10-04 09:00:00,49.5,-114.0,2.3186026
2019-10-04 10:00:00,49.5,-114.0,2.440251
2019-10-04 11:00:00,49.5,-114.0,2.5056748
2019-10-04 12:00:00,49.5,-114.0,2.4970562
2019-10-04 13:00:00,49.5,-114.0,2.491387
2019-10-04 14:00:00,49.5,-114.0,2.4669342
2019-10-04 15:00:00,49.5,-114.0,2.401732
2019-10-04 16:00:00,49.5,-114.0,2.5966766
2019-10-04 17:00:00,49.5,-114.0,3.890725
2019-10-04 18:00:00,49.5,-114.0,3.8487349
2019-10-04 19:00:00,49.5,-114.0,3.9114406
2019-10-04 20:00:00,49.5,-114.0,3.884586
2019-10-04 21:00:00,49.5,-114.0,3.8908987
2019-10-04 22:00:00,49.5,-114.0,3.5650377
2019-10-04 23:00:00,49.5,-114.0,3.2905178
2019-10-05 00:00:00,49.5,-114.0,3.1768062
2019-10-05 01:00:00,49.5,-114.0,3.0716205
2019-10-05 02:00:00,49.5,-114.0,2.9923623
2019-10-05 03:00:00,49.5,-114.0,3.1296308
2019-10-05 04:00:00,49.5,-114.0,3.2448723
2019-10-05 05:00:00,49.5,-114.0,3.458376
2019-10-05 06:00:00,49.5,-114.0,3.685268
2019-10-05 07:00:00,49.5,-114.0,3.9072475
2019-10-05 08:00:00,49.5,-114.0,3.9996407
2019-10-05 09:00:00,49.5,-114.0,3.962655
2019-10-05 10:00:00,49.5,-114.0,3.5961742
2019-10-05 11:00:00,49.5,-114.0,3.6545706
2019-10-05 12:00:00,49.5,-114.0,3.6333852
2019-10-05 13:00:00,49.5,-114.0,3.6508057
2019-10-05 14:00:00,49.5,-114.0,3.764212
2019-10-05 15:00:00,49.5,-114.0,4.1406946
2019-10-05 16:00:00,49.5,-114.0,3.8267004
2019-10-05 17:00:00,49.5,-114.0,4.4316754
2019-10-05 18:00:00,49.5,-114.0,4.584011
2019-10-05 19:00:00,49.5,-114.0,4.522421
2019-10-05 20:00:00,49.5,-114.0,4.2967257
2019-10-05 21:00:00,49.5,-114.0,4.165152
2019-10-05 22:00:00,49.5,-114.0,3.5068333
2019-10-05 23:00:00,49.5,-114.0,3.4376013
2019-10-06 00:00:00,49.5,-114.0,3.6574194
2019-10-06 01:00:00,49.5,-114.0,3.5873644
2019-10-06 02:00:00,49.5,-114.0,3.702651
2019-10-06 03:00:00,49.5,-114.0,3.9640207
2019-10-06 04:00:00,49.5,-114.0,4.019366
2019-10-06 05:00:00,49.5,-114.0,3.997963
2019-10-06 06:00:00,49.5,-114.0,3.9424148
2019-10-06 07:00:00,49.5,-114.0,3.7004776
2019-10-06 08:00:00,49.5,-114.0,3.4945476
2019-10-06 09:00:00,49.5,-114.0,3.2945545
2019-10-06 10:00:00,49.5,-114.0,3.1693027
2019-10-06 11:00:00,49.5,-114.0,3.0758417
2019-10-06 12:00:00,49.5,-114.0,3.1651554
2019-10-06 13:00:00,49.5,-114.0,3.4054542
2019-10-06 14:00:00,49.5,-114.0,3.6723022
2019-10-06 15:00:00,49.5,-114.0,3.5339503
2019-10-06 16:00:00,49.5,-114.0,3.5027823
2019-10-06 17:00:00,49.5,-114.0,4.3591747
2019-10-06 18:00:00,49.5,-114.0,4.6512322
2019-10-06 19:00:00,49.5,-114.0,5.191276
2019-10-06 20:00:00,49.5,-114.0,5.2568994
2019-10-06 21:00:00,49.5,-114.0,5.278557
2019-10-06 22:00:00,49.5,-114.0,5.21736
2019-10-06 23:00:00,49.5,-114.0,4.89909
2019-10-07 00:00:00,49.5,-114.0,4.693212
2019-10-07 01:00:00,49.5,-114.0,4.396364
2019-10-07 02:00:00,49.5,-114.0,4.2527285
2019-10-07 03:00:00,49.5,-114.0,4.2734294
2019-10-07 04:00:00,49.5,-114.0,4.3863153
2019-10-07 05:00:00,49.5,-114.0,4.5813437
2019-10-07 06:00:00,49.5,-114.0,4.60755
2019-10-07 07:00:00,49.5,-114.0,4.498803
2019-10-07 08:00:00,49.5,-114.0,4.5260296
2019-10-07 09:00:00,49.5,-114.0,4.6815743
2019-10-07 10:00:00,49.5,-114.0,5.1908283
2019-10-07 11:00:00,49.5,-114.0,5.2405763
2019-10-07 12:00:00,49.5,-114.0,5.2305164
2019-10-07 13:00:00,49.5,-114.0,5.379228
2019-10-07 14:00:00,49.5,-114.0,5.338149
2019-10-07 15:00:00,49.5,-114.0,5.8728724
2019-10-07 16:00:00,49.5,-114.0,4.989889
2019-10-07 17:00:00,49.5,-114.0,6.1373825
2019-10-07 18:00:00,49.5,-114.0,6.311034
2019-10-07 19:00:00,49.5,-114.0,6.0076942
2019-10-07 20:00:00,49.5,-114.0,5.9746413
2019-10-07 21:00:00,49.5,-114.0,5.913209
2019-10-07 22:00:00,49.5,-114.0,5.528697
2019-10-07 23:00:00,49.5,-114.0,5.905983
2019-10-08 00:00:00,49.5,-114.0,6.658018
2019-10-08 01:00:00,49.5,-114.0,6.80053
2019-10-08 02:00:00,49.5,-114.0,6.7514653
2019-10-08 03:00:00,49.5,-114.0,6.660395
2019-10-08 04:00:00,49.5,-114.0,6.21223
2019-10-08 05:00:00,49.5,-114.0,5.398125
2019-10-08 06:00:00,49.5,-114.0,4.29632
2019-10-08 07:00:00,49.5,-114.0,2.9579885
2019-10-08 08:00:00,49.5,-114.0,1.1295834
2019-10-08 09:00:00,49.5,-114.0,1.48357
2019-10-08 10:00:00,49.5,-114.0,3.381732
2019-10-08 11:00:00,49.5,-114.0,3.1960545
2019-10-08 12:00:00,49.5,-114.0,2.4234774
2019-10-08 13:00:00,49.5,-114.0,1.8873402
2019-10-08 14:00:00,49.5,-114.0,1.7609012
2019-10-08 15:00:00,49.5,-114.0,1.9892428
2019-10-08 16:00:00,49.5,-114.0,2.5457525
2019-10-08 17:00:00,49.5,-114.0,2.5870786
2019-10-08 18:00:00,49.5,-114.0,2.6890628
2019-10-08 19:00:00,49.5,-114.0,2.7565176
2019-10-08 20:00:00,49.5,-114.0,3.0713775
2019-10-08 21:00:00,49.5,-114.0,3.060028
2019-10-08 22:00:00,49.5,-114.0,3.537984
2019-10-08 23:00:00,49.5,-114.0,3.5007815
2019-10-09 00:00:00,49.5,-114.0,2.9710224
2019-10-09 01:00:00,49.5,-114.0,2.9888554
2019-10-09 02:00:00,49.5,-114.0,2.5926907
2019-10-09 03:00:00,49.5,-114.0,2.4726884
2019-10-09 04:00:00,49.5,-114.0,2.6589525
2019-10-09 05:00:00,49.5,-114.0,2.5840254
2019-10-09 06:00:00,49.5,-114.0,2.8441372
2019-10-09 07:00:00,49.5,-114.0,2.2585685
2019-10-09 08:00:00,49.5,-114.0,2.183671
2019-10-09 09:00:00,49.5,-114.0,2.1627178
2019-10-09 10:00:00,49.5,-114.0,1.7778281
2019-10-09 11:00:00,49.5,-114.0,1.8618602
2019-10-09 12:00:00,49.5,-114.0,1.1637789
2019-10-09 13:00:00,49.5,-114.0,1.4112403
2019-10-09 14:00:00,49.5,-114.0,1.4252336
2019-10-09 15:00:00,49.5,-114.0,1.1805605
2019-10-09 16:00:00,49.5,-114.0,1.8038934
2019-10-09 17:00:00,49.5,-114.0,2.0803692
2019-10-09 18:00:00,49.5,-114.0,2.3168318
2019-10-09 19:00:00,49.5,-114.0,1.9416906
2019-10-09 20:00:00,49.5,-114.0,1.4120611
2019-10-09 21:00:00,49.5,-114.0,1.0640209
2019-10-09 22:00:00,49.5,-114.0,0.5967244
2019-10-09 23:00:00,49.5,-114.0,0.36032313
2019-10-10 00:00:00,49.5,-114.0,1.2087114
2019-10-10 01:00:00,49.5,-114.0,1.7975693
2019-10-10 02:00:00,49.5,-114.0,1.8790537
2019-10-10 03:00:00,49.5,-114.0,1.6860144
2019-10-10 04:00:00,49.5,-114.0,1.9252203
2019-10-10 05:00:00,49.5,-114.0,2.1978953
2019-10-10 06:00:00,49.5,-114.0,2.0702035
2019-10-10 07:00:00,49.5,-114.0,2.0557892
2019-10-10 08:00:00,49.5,-114.0,2.1235766
2019-10-10 09:00:00,49.5,-114.0,2.2381318
2019-10-10 10:00:00,49.5,-114.0,2.3539946
2019-10-10 11:00:00,49.5,-114.0,2.3503351
2019-10-10 12:00:00,49.5,-114.0,2.366513
2019-10-10 13:00:00,49.5,-114.0,2.3822782
2019-10-10 14:00:00,49.5,-114.0,2.3865445
2019-10-10 15:00:00,49.5,-114.0,2.081066
2019-10-10 16:00:00,49.5,-114.0,1.8121434
2019-10-10 17:00:00,49.5,-114.0,1.6893313
2019-10-10 18:00:00,49.5,-114.0,1.8003366
2019-10-10 19:00:00,49.5,-114.0,1.9804308
2019-10-10 20:00:00,49.5,-114.0,2.1601284
2019-10-10 21:00:00,49.5,-114.0,2.07324
2019-10-10 22:00:00,49.5,-114.0,2.3757107
2019-10-10 23:00:00,49.5,-114.0,2.1642087
2019-10-11 00:00:00,49.5,-114.0,1.9933451
2019-10-11 01:00:00,49.5,-114.0,2.3245256
2019-10-11 02:00:00,49.5,-114.0,2.2808468
2019-10-11 03:00:00,49.5,-114.0,2.3675215
2019-10-11 04:00:00,49.5,-114.0,2.3614764
2019-10-11 05:00:00,49.5,-114.0,2.4265077
2019-10-11 06:00:00,49.5,-114.0,2.4691548
2019-10-11 07:00:00,49.5,-114.0,2.501339
2019-10-11 08:00:00,49.5,-114.0,2.5287843
2019-10-11 09:00:00,49.5,-114.0,2.5448744
2019-10-11 10:00:00,49.5,-114.0,2.497965
2019-10-11 11:00:00,49.5,-114.0,2.48428
2019-10-11 12:00:00,49.5,-114.0,2.4987736
2019-10-11 13:00:00,49.5,-114.0,2.4699972
2019-10-11 14:00:00,49.5,-114.0,2.4935186
2019-10-11 15:00:00,49.5,-114.0,2.1992373
2019-10-11 16:00:00,49.5,-114.0,2.0408378
2019-10-11 17:00:00,49.5,-114.0,1.9325994
2019-10-11 18:00:00,49.5,-114.0,2.0605087
2019-10-11 19:00:00,49.5,-114.0,2.2073164
2019-10-11 20:00:00,49.5,-114.0,2.6037638
2019-10-11 21:00:00,49.5,-114.0,2.6033854
2019-10-11 22:00:00,49.5,-114.0,2.811915
2019-10-11 23:00:00,49.5,-114.0,2.360518
2019-10-12 00:00:00,49.5,-114.0,2.2755294
2019-10-12 01:00:00,49.5,-114.0,2.4936423
2019-10-12 02:00:00,49.5,-114.0,2.4331212
2019-10-12 03:00:00,49.5,-114.0,2.4998777
2019-10-12 04:00:00,49.5,-114.0,2.537615
2019-10-12 05:00:00,49.5,-114.0,2.6100488
2019-10-12 06:00:00,49.5,-114.0,2.6992674
2019-10-12 07:00:00,49.5,-114.0,2.7403374
2019-10-12 08:00:00,49.5,-114.0,2.7777774
2019-10-12 09:00:00,49.5,-114.0,2.8131967
2019-10-12 10:00:00,49.5,-114.0,2.8628068
2019-10-12 11:00:00,49.5,-114.0,2.8843236
2019-10-12 12:00:00,49.5,-114.0,2.829174
2019-10-12 13:00:00,49.5,-114.0,2.853864
2019-10-12 14:00:00,49.5,-114.0,2.8791862
2019-10-12 15:00:00,49.5,-114.0,2.7765274
2019-10-12 16:00:00,49.5,-114.0,2.621786
2019-10-12 17:00:00,49.5,-114.0,2.7343616
2019-10-12 18:00:00,49.5,-114.0,2.9377077
2019-10-12 19:00:00,49.5,-114.0,2.9698346
2019-10-12 20:00:00,49.5,-114.0,3.2590816
2019-10-12 21:00:00,49.5,-114.0,3.1374907
2019-10-12 22:00:00,49.5,-114.0,2.989113
2019-10-12 23:00:00,49.5,-114.0,2.7548344
2019-10-13 00:00:00,49.5,-114.0,2.58842
2019-10-13 01:00:00,49.5,-114.0,2.6608233
2019-10-13 02:00:00,49.5,-114.0,2.6370218
2019-10-13 03:00:00,49.5,-114.0,2.5727746
2019-10-13 04:00:00,49.5,-114.0,2.5108762
2019-10-13 05:00:00,49.5,-114.0,2.4460225
2019-10-13 06:00:00,49.5,-114.0,2.4256234
2019-10-13 07:00:00,49.5,-114.0,2.4325407
2019-10-13 08:00:00,49.5,-114.0,2.3866837
2019-10-13 09:00:00,49.5,-114.0,2.2822683
2019-10-13 10:00:00,49.5,-114.0,2.189101
2019-10-13 11:00:00,49.5,-114.0,2.171101
2019-10-13 12:00:00,49.5,-114.0,2.1802742
2019-10-13 13:00:00,49.5,-114.0,2.1865284
2019-10-13 14:00:00,49.5,-114.0,2.2087965
2019-10-13 15:00:00,49.5,-114.0,1.9364685
2019-10-13 16:00:00,49.5,-114.0,1.5549617
2019-10-13 17:00:00,49.5,-114.0,1.332138
2019-10-13 18:00:00,49.5,-114.0,1.2572275
2019-10-13 19:00:00,49.5,-114.0,1.529272
2019-10-13 20:00:00,49.5,-114.0,2.152875
2019-10-13 21:00:00,49.5,-114.0,1.9878542
2019-10-13 22:00:00,49.5,-114.0,0.79732203
2019-10-13 23:00:00,49.5,-114.0,1.4019033
2019-10-14 00:00:00,49.5,-114.0,1.9323138
2019-10-14 01:00:00,49.5,-114.0,2.1019669
2019-10-14 02:00:00,49.5,-114.0,2.054984
2019-10-14 03:00:00,49.5,-114.0,2.0673566
2019-10-14 04:00:00,49.5,-114.0,2.2999165
2019-10-14 05:00:00,49.5,-114.0,2.6340997
2019-10-14 06:00:00,49.5,-114.0,2.921621
2019-10-14 07:00:00,49.5,-114.0,3.0487823
2019-10-14 08:00:00,49.5,-114.0,3.0376449
2019-10-14 09:00:00,49.5,-114.0,3.057436
2019-10-14 10:00:00,49.5,-114.0,2.700142
2019-10-14 11:00:00,49.5,-114.0,2.2985756
2019-10-14 12:00:00,49.5,-114.0,2.224107
2019-10-14 13:00:00,49.5,-114.0,2.1042428
2019-10-14 14:00:00,49.5,-114.0,1.7785202
2019-10-14 15:00:00,49.5,-114.0,1.1456499
2019-10-14 16:00:00,49.5,-114.0,0.5197687
2019-10-14 17:00:00,49.5,-114.0,0.062716335
2019-10-14 18:00:00,49.5,-114.0,0.2621331
2019-10-14 19:00:00,49.5,-114.0,0.6914965
2019-10-14 20:00:00,49.5,-114.0,0.9512639
2019-10-14 21:00:00,49.5,-114.0,1.3193973
2019-10-14 22:00:00,49.5,-114.0,1.2953695
2019-10-14 23:00:00,49.5,-114.0,1.5651946
2019-10-15 00:00:00,49.5,-114.0,1.094077
2019-10-15 01:00:00,49.5,-114.0,0.97048753
2019-10-15 02:00:00,49.5,-114.0,0.55970836
2019-10-15 03:00:00,49.5,-114.0,0.5464771
2019-10-15 04:00:00,49.5,-114.0,0.87726474
2019-10-15 05:00:00,49.5,-114.0,1.0677586
2019-10-15 06:00:00,49.5,-114.0,0.9012974
2019-10-15 07:00:00,49.5,-114.0,0.8597937
2019-10-15 08:00:00,49.5,-114.0,0.84852576
2019-10-15 09:00:00,49.5,-114.0,0.84327716
2019-10-15 10:00:00,49.5,-114.0,1.3132788
2019-10-15 11:00:00,49.5,-114.0,1.1461267
2019-10-15 12:00:00,49.5,-114.0,1.4550816
2019-10-15 13:00:00,49.5,-114.0,1.5843118
2019-10-15 14:00:00,49.5,-114.0,1.6079528
2019-10-15 15:00:00,49.5,-114.0,1.5172864
2019-10-15 16:00:00,49.5,-114.0,1.5308307
2019-10-15 17:00:00,49.5,-114.0,1.7373196
2019-10-15 18:00:00,49.5,-114.0,2.521276
2019-10-15 19:00:00,49.5,-114.0,3.0367665
2019-10-15 20:00:00,49.5,-114.0,3.202612
2019-10-15 21:00:00,49.5,-114.0,2.9868505
2019-10-15 22:00:00,49.5,-114.0,2.8929753
2019-10-15 23:00:00,49.5,-114.0,3.0190096
2019-10-16 00:00:00,49.5,-114.0,3.1107323
2019-10-16 01:00:00,49.5,-114.0,3.1695035
2019-10-16 02:00:00,49.5,-114.0,3.1968195
2019-10-16 03:00:00,49.5,-114.0,3.438017
2019-10-16 04:00:00,49.5,-114.0,3.814464
2019-10-16 05:00:00,49.5,-114.0,4.4821696
2019-10-16 06:00:00,49.5,-114.0,5.0401735
2019-10-16 07:00:00,49.5,-114.0,5.1739645
2019-10-16 08:00:00,49.5,-114.0,5.064485
2019-10-16 09:00:00,49.5,-114.0,4.92016
2019-10-16 10:00:00,49.5,-114.0,4.0475893
2019-10-16 11:00:00,49.5,-114.0,3.4636037
2019-10-16 12:00:00,49.5,-114.0,2.922102
2019-10-16 13:00:00,49.5,-114.0,2.5970993
2019-10-16 14:00:00,49.5,-114.0,2.4028523
2019-10-16 15:00:00,49.5,-114.0,2.3527846
2019-10-16 16:00:00,49.5,-114.0,2.0557346
2019-10-16 17:00:00,49.5,-114.0,1.9306823
2019-10-16 18:00:00,49.5,-114.0,2.3416338
2019-10-16 19:00:00,49.5,-114.0,2.7165246
2019-10-16 20:00:00,49.5,-114.0,2.4715722
2019-10-16 21:00:00,49.5,-114.0,2.5791051
2019-10-16 22:00:00,49.5,-114.0,2.4651067
2019-10-16 23:00:00,49.5,-114.0,3.222608
2019-10-17 00:00:00,49.5,-114.0,2.667521
2019-10-17 01:00:00,49.5,-114.0,2.109438
2019-10-17 02:00:00,49.5,-114.0,2.1035213
2019-10-17 03:00:00,49.5,-114.0,2.1787493
2019-10-17 04:00:00,49.5,-114.0,2.2622392
2019-10-17 05:00:00,49.5,-114.0,2.309239
2019-10-17 06:00:00,49.5,-114.0,2.6343145
2019-10-17 07:00:00,49.5,-114.0,3.2868173
2019-10-17 08:00:00,49.5,-114.0,3.6585667
2019-10-17 09:00:00,49.5,-114.0,3.815232
2019-10-17 10:00:00,49.5,-114.0,3.5117302
2019-10-17 11:00:00,49.5,-114.0,2.8516834
2019-10-17 12:00:00,49.5,-114.0,2.9651012
2019-10-17 13:00:00,49.5,-114.0,3.1740308
2019-10-17 14:00:00,49.5,-114.0,3.517664
2019-10-17 15:00:00,49.5,-114.0,4.2780533
2019-10-17 16:00:00,49.5,-114.0,4.147018
2019-10-17 17:00:00,49.5,-114.0,4.239692
2019-10-17 18:00:00,49.5,-114.0,4.46558
2019-10-17 19:00:00,49.5,-114.0,4.606614
2019-10-17 20:00:00,49.5,-114.0,4.5234857
2019-10-17 21:00:00,49.5,-114.0,4.587962
2019-10-17 22:00:00,49.5,-114.0,4.722359
2019-10-17 23:00:00,49.5,-114.0,4.7352204
2019-10-18 00:00:00,49.5,-114.0,4.9048133
2019-10-18 01:00:00,49.5,-114.0,4.926945
2019-10-18 02:00:00,49.5,-114.0,4.9437814
2019-10-18 03:00:00,49.5,-114.0,4.9356537
2019-10-18 04:00:00,49.5,-114.0,4.964086
2019-10-18 05:00:00,49.5,-114.0,4.8626866
2019-10-18 06:00:00,49.5,-114.0,4.7359943
2019-10-18 07:00:00,49.5,-114.0,4.7605286
2019-10-18 08:00:00,49.5,-114.0,4.784821
2019-10-18 09:00:00,49.5,-114.0,4.7531343
2019-10-18 10:00:00,49.5,-114.0,4.2342553
2019-10-18 11:00:00,49.5,-114.0,4.370312
2019-10-18 12:00:00,49.5,-114.0,4.4818096
2019-10-18 13:00:00,49.5,-114.0,4.604651
2019-10-18 14:00:00,49.5,-114.0,4.5969725
2019-10-18 15:00:00,49.5,-114.0,4.805524
2019-10-18 16:00:00,49.5,-114.0,4.073415
2019-10-18 17:00:00,49.5,-114.0,4.9305153
2019-10-18 18:00:00,49.5,-114.0,5.3869157
2019-10-18 19:00:00,49.5,-114.0,5.6261606
2019-10-18 20:00:00,49.5,-114.0,5.934719
2019-10-18 21:00:00,49.5,-114.0,5.869183
2019-10-18 22:00:00,49.5,-114.0,5.111482
2019-10-18 23:00:00,49.5,-114.0,4.6221023
2019-10-19 00:00:00,49.5,-114.0,4.764657
2019-10-19 01:00:00,49.5,-114.0,4.745514
2019-10-19 02:00:00,49.5,-114.0,4.72794
2019-10-19 03:00:00,49.5,-114.0,4.757896
2019-10-19 04:00:00,49.5,-114.0,4.643332
2019-10-19 05:00:00,49.5,-114.0,4.4855404
2019-10-19 06:00:00,49.5,-114.0,4.3113155
2019-10-19 07:00:00,49.5,-114.0,4.0231595
2019-10-19 08:00:00,49.5,-114.0,3.7183046
2019-10-19 09:00:00,49.5,-114.0,3.456467
2019-10-19 10:00:00,49.5,-114.0,2.7686238
2019-10-19 11:00:00,49.5,-114.0,2.341927
2019-10-19 12:00:00,49.5,-114.0,1.9031277
2019-10-19 13:00:00,49.5,-114.0,1.8144598
2019-10-19 14:00:00,49.5,-114.0,1.6336476
2019-10-19 15:00:00,49.5,-114.0,1.1824795
2019-10-19 16:00:00,49.5,-114.0,0.9909378
2019-10-19 17:00:00,49.5,-114.0,1.1873885
2019-10-19 18:00:00,49.5,-114.0,1.5263225
2019-10-19 19:00:00,49.5,-114.0,1.4722396
2019-10-19 20:00:00,49.5,-114.0,1.4517478
2019-10-19 21:00:00,49.5,-114.0,1.2391325
2019-10-19 22:00:00,49.5,-114.0,0.19929536
2019-10-19 23:00:00,49.5,-114.0,0.21221477
2019-10-20 00:00:00,49.5,-114.0,0.8302133
2019-10-20 01:00:00,49.5,-114.0,1.0215888
2019-10-20 02:00:00,49.5,-114.0,1.4971576
2019-10-20 03:00:00,49.5,-114.0,1.563786
2019-10-20 04:00:00,49.5,-114.0,1.8214645
2019-10-20 05:00:00,49.5,-114.0,1.8679084
2019-10-20 06:00:00,49.5,-114.0,1.7138327
2019-10-20 07:00:00,49.5,-114.0,1.6713021
2019-10-20 08:00:00,49.5,-114.0,1.6784253
2019-10-20 09:00:00,49.5,-114.0,1.7269382
2019-10-20 10:00:00,49.5,-114.0,1.7516446
2019-10-20 11:00:00,49.5,-114.0,1.7244081
2019-10-20 12:00:00,49.5,-114.0,1.7152412
2019-10-20 13:00:00,49.5,-114.0,1.6467801
2019-10-20 14:00:00,49.5,-114.0,1.600638
2019-10-20 15:00:00,49.5,-114.0,1.3119564
2019-10-20 16:00:00,49.5,-114.0,1.8413534
2019-10-20 17:00:00,49.5,-114.0,3.4332418
2019-10-20 18:00:00,49.5,-114.0,3.749887
2019-10-20 19:00:00,49.5,-114.0,3.576462
2019-10-20 20:00:00,49.5,-114.0,3.3160646
2019-10-20 21:00:00,49.5,-114.0,3.2098892
2019-10-20 22:00:00,49.5,-114.0,3.5609345
2019-10-20 23:00:00,49.5,-114.0,2.920329
2019-10-21 00:00:00,49.5,-114.0,2.7938964
2019-10-21 01:00:00,49.5,-114.0,2.651855
2019-10-21 02:00:00,49.5,-114.0,2.4215093
2019-10-21 03:00:00,49.5,-114.0,2.499817
2019-10-21 04:00:00,49.5,-114.0,2.4207582
2019-10-21 05:00:00,49.5,-114.0,2.3699389
2019-10-21 06:00:00,49.5,-114.0,2.2582028
2019-10-21 07:00:00,49.5,-114.0,2.2577515
2019-10-21 08:00:00,49.5,-114.0,2.2665093
2019-10-21 09:00:00,49.5,-114.0,2.3945787
2019-10-21 10:00:00,49.5,-114.0,2.0955827
2019-10-21 11:00:00,49.5,-114.0,2.2733333
2019-10-21 12:00:00,49.5,-114.0,2.2897477
2019-10-21 13:00:00,49.5,-114.0,2.2735736
2019-10-21 14:00:00,49.5,-114.0,2.3879225
2019-10-21 15:00:00,49.5,-114.0,2.4052942
2019-10-21 16:00:00,49.5,-114.0,2.5637312
2019-10-21 17:00:00,49.5,-114.0,3.6852818
2019-10-21 18:00:00,49.5,-114.0,4.2493215
2019-10-21 19:00:00,49.5,-114.0,4.45739
2019-10-21 20:00:00,49.5,-114.0,4.596834
2019-10-21 21:00:00,49.5,-114.0,4.6302075
2019-10-21 22:00:00,49.5,-114.0,4.4532924
2019-10-21 23:00:00,49.5,-114.0,4.1420646
2019-10-22 00:00:00,49.5,-114.0,4.0268874
2019-10-22 01:00:00,49.5,-114.0,3.9200504
2019-10-22 02:00:00,49.5,-114.0,4.0118985
2019-10-22 03:00:00,49.5,-114.0,3.9953203
2019-10-22 04:00:00,49.5,-114.0,3.7870882
2019-10-22 05:00:00,49.5,-114.0,3.6480725
2019-10-22 06:00:00,49.5,-114.0,3.6396759
2019-10-22 07:00:00,49.5,-114.0,3.5874577
2019-10-22 08:00:00,49.5,-114.0,3.7108216
2019-10-22 09:00:00,49.5,-114.0,4.216936
2019-10-22 10:00:00,49.5,-114.0,4.1801457
2019-10-22 11:00:00,49.5,-114.0,4.4772778
2019-10-22 12:00:00,49.5,-114.0,4.688827
2019-10-22 13:00:00,49.5,-114.0,4.5865273
2019-10-22 14:00:00,49.5,-114.0,5.6116886
2019-10-22 15:00:00,49.5,-114.0,6.652609
2019-10-22 16:00:00,49.5,-114.0,6.4167557
2019-10-22 17:00:00,49.5,-114.0,5.245209
2019-10-22 18:00:00,49.5,-114.0,5.7602534
2019-10-22 19:00:00,49.5,-114.0,7.176888
2019-10-22 20:00:00,49.5,-114.0,6.227004
2019-10-22 21:00:00,49.5,-114.0,5.507624
2019-10-22 22:00:00,49.5,-114.0,3.4147625
2019-10-22 23:00:00,49.5,-114.0,3.9311304
2019-10-23 00:00:00,49.5,-114.0,4.1433945
2019-10-23 01:00:00,49.5,-114.0,4.191996
2019-10-23 02:00:00,49.5,-114.0,3.8563192
2019-10-23 03:00:00,49.5,-114.0,3.3377728
2019-10-23 04:00:00,49.5,-114.0,2.3392074
2019-10-23 05:00:00,49.5,-114.0,1.2741023
2019-10-23 06:00:00,49.5,-114.0,0.96341324
2019-10-23 07:00:00,49.5,-114.0,1.2102636
2019-10-23 08:00:00,49.5,-114.0,1.0668379
2019-10-23 09:00:00,49.5,-114.0,0.9181843
2019-10-23 10:00:00,49.5,-114.0,0.95850384
2019-10-23 11:00:00,49.5,-114.0,1.1799304
2019-10-23 12:00:00,49.5,-114.0,1.1964438
2019-10-23 13:00:00,49.5,-114.0,0.58091867
2019-10-23 14:00:00,49.5,-114.0,0.23778704
2019-10-23 15:00:00,49.5,-114.0,0.49319825
2019-10-23 16:00:00,49.5,-114.0,0.46706715
2019-10-23 17:00:00,49.5,-114.0,0.8713166
2019-10-23 18:00:00,49.5,-114.0,1.2581491
2019-10-23 19:00:00,49.5,-114.0,1.2357684
2019-10-23 20:00:00,49.5,-114.0,1.3502846
2019-10-23 21:00:00,49.5,-114.0,1.6207203
2019-10-23 22:00:00,49.5,-114.0,1.9039775
2019-10-23 23:00:00,49.5,-114.0,1.1129993
2019-10-24 00:00:00,49.5,-114.0,0.82471585
2019-10-24 01:00:00,49.5,-114.0,0.7981541
2019-10-24 02:00:00,49.5,-114.0,1.6600462
2019-10-24 03:00:00,49.5,-114.0,1.6280538
2019-10-24 04:00:00,49.5,-114.0,1.6962029
2019-10-24 05:00:00,49.5,-114.0,1.8482623
2019-10-24 06:00:00,49.5,-114.0,1.9031305
2019-10-24 07:00:00,49.5,-114.0,2.1587815
2019-10-24 08:00:00,49.5,-114.0,2.4212322
2019-10-24 09:00:00,49.5,-114.0,2.7459087
2019-10-24 10:00:00,49.5,-114.0,3.4614465
2019-10-24 11:00:00,49.5,-114.0,4.1693864
2019-10-24 12:00:00,49.5,-114.0,4.698792
2019-10-24 13:00:00,49.5,-114.0,4.6930895
2019-10-24 14:00:00,49.5,-114.0,4.4188137
2019-10-24 15:00:00,49.5,-114.0,4.4978914
2019-10-24 16:00:00,49.5,-114.0,4.07173
2019-10-24 17:00:00,49.5,-114.0,4.520427
2019-10-24 18:00:00,49.5,-114.0,4.9145775
2019-10-24 19:00:00,49.5,-114.0,5.1481633
2019-10-24 20:00:00,49.5,-114.0,5.321779
2019-10-24 21:00:00,49.5,-114.0,5.3276544
2019-10-24 22:00:00,49.5,-114.0,5.0549397
2019-10-24 23:00:00,49.5,-114.0,5.3556027
2019-10-25 00:00:00,49.5,-114.0,5.136275
2019-10-25 01:00:00,49.5,-114.0,5.0330205
2019-10-25 02:00:00,49.5,-114.0,5.236673
2019-10-25 03:00:00,49.5,-114.0,5.3942327
2019-10-25 04:00:00,49.5,-114.0,5.2896876
2019-10-25 05:00:00,49.5,-114.0,5.3156104
2019-10-25 06:00:00,49.5,-114.0,5.3249054
2019-10-25 07:00:00,49.5,-114.0,5.259199
2019-10-25 08:00:00,49.5,-114.0,5.213939
2019-10-25 09:00:00,49.5,-114.0,5.3426723
2019-10-25 10:00:00,49.5,-114.0,5.09688
2019-10-25 11:00:00,49.5,-114.0,5.3246117
2019-10-25 12:00:00,49.5,-114.0,5.2961245
2019-10-25 13:00:00,49.5,-114.0,5.2391624
2019-10-25 14:00:00,49.5,-114.0,5.5649543
2019-10-25 15:00:00,49.5,-114.0,6.470539
2019-10-25 16:00:00,49.5,-114.0,7.288959
2019-10-25 17:00:00,49.5,-114.0,6.449792
2019-10-25 18:00:00,49.5,-114.0,6.6103616
2019-10-25 19:00:00,49.5,-114.0,6.6459365
2019-10-25 20:00:00,49.5,-114.0,6.2909207
2019-10-25 21:00:00,49.5,-114.0,5.989875
2019-10-25 22:00:00,49.5,-114.0,5.2378078
2019-10-25 23:00:00,49.5,-114.0,4.8836946
2019-10-26 00:00:00,49.5,-114.0,4.2969894
2019-10-26 01:00:00,49.5,-114.0,3.579482
2019-10-26 02:00:00,49.5,-114.0,2.7194622
2019-10-26 03:00:00,49.5,-114.0,1.2753959
2019-10-26 04:00:00,49.5,-114.0,3.4221604
2019-10-26 05:00:00,49.5,-114.0,3.0619788
2019-10-26 06:00:00,49.5,-114.0,2.1705375
2019-10-26 07:00:00,49.5,-114.0,2.0438662
2019-10-26 08:00:00,49.5,-114.0,1.9921765
2019-10-26 09:00:00,49.5,-114.0,1.5731897
2019-10-26 10:00:00,49.5,-114.0,2.6537125
2019-10-26 11:00:00,49.5,-114.0,2.0886915
2019-10-26 12:00:00,49.5,-114.0,1.5785841
2019-10-26 13:00:00,49.5,-114.0,1.0031531
2019-10-26 14:00:00,49.5,-114.0,0.5579248
2019-10-26 15:00:00,49.5,-114.0,0.23693074
2019-10-26 16:00:00,49.5,-114.0,0.4685867
2019-10-26 17:00:00,49.5,-114.0,3.3527288
2019-10-26 18:00:00,49.5,-114.0,3.683724
2019-10-26 19:00:00,49.5,-114.0,3.4727433
2019-10-26 20:00:00,49.5,-114.0,3.7441766
2019-10-26 21:00:00,49.5,-114.0,4.246139
2019-10-26 22:00:00,49.5,-114.0,3.5780427
2019-10-26 23:00:00,49.5,-114.0,3.122389
2019-10-27 00:00:00,49.5,-114.0,2.7563827
2019-10-27 01:00:00,49.5,-114.0,2.2286227
2019-10-27 02:00:00,49.5,-114.0,1.6083195
2019-10-27 03:00:00,49.5,-114.0,1.1843005
2019-10-27 04:00:00,49.5,-114.0,0.96504796
2019-10-27 05:00:00,49.5,-114.0,1.4280301
2019-10-27 06:00:00,49.5,-114.0,1.7872682
2019-10-27 07:00:00,49.5,-114.0,1.8207309
2019-10-27 08:00:00,49.5,-114.0,1.9527348
2019-10-27 09:00:00,49.5,-114.0,1.7013727
2019-10-27 10:00:00,49.5,-114.0,2.808141
2019-10-27 11:00:00,49.5,-114.0,2.5394309
2019-10-27 12:00:00,49.5,-114.0,2.2645822
2019-10-27 13:00:00,49.5,-114.0,1.9768738
2019-10-27 14:00:00,49.5,-114.0,1.0421653
2019-10-27 15:00:00,49.5,-114.0,1.0966579
2019-10-27 16:00:00,49.5,-114.0,1.4551908
2019-10-27 17:00:00,49.5,-114.0,2.15954
2019-10-27 18:00:00,49.5,-114.0,2.8446078
2019-10-27 19:00:00,49.5,-114.0,2.655875
2019-10-27 20:00:00,49.5,-114.0,2.623207
2019-10-27 21:00:00,49.5,-114.0,2.660004
2019-10-27 22:00:00,49.5,-114.0,2.6696982
2019-10-27 23:00:00,49.5,-114.0,2.4137764
2019-10-28 00:00:00,49.5,-114.0,2.3907773
2019-10-28 01:00:00,49.5,-114.0,2.3647718
2019-10-28 02:00:00,49.5,-114.0,2.4522312
2019-10-28 03:00:00,49.5,-114.0,2.3824754
2019-10-28 04:00:00,49.5,-114.0,2.2922692
2019-10-28 05:00:00,49.5,-114.0,2.3023522
2019-10-28 06:00:00,49.5,-114.0,2.2569723
2019-10-28 07:00:00,49.5,-114.0,1.9933393
2019-10-28 08:00:00,49.5,-114.0,1.355308
2019-10-28 09:00:00,49.5,-114.0,0.78872216
2019-10-28 10:00:00,49.5,-114.0,0.98472303
2019-10-28 11:00:00,49.5,-114.0,1.8366576
2019-10-28 12:00:00,49.5,-114.0,2.9174411
2019-10-28 13:00:00,49.5,-114.0,2.7958055
2019-10-28 14:00:00,49.5,-114.0,2.345938
2019-10-28 15:00:00,49.5,-114.0,2.5828974
2019-10-28 16:00:00,49.5,-114.0,2.4818335
2019-10-28 17:00:00,49.5,-114.0,2.3797414
2019-10-28 18:00:00,49.5,-114.0,2.5390782
2019-10-28 19:00:00,49.5,-114.0,3.4756172
2019-10-28 20:00:00,49.5,-114.0,4.4987197
2019-10-28 21:00:00,49.5,-114.0,4.8801093
2019-10-28 22:00:00,49.5,-114.0,5.929346
2019-10-28 23:00:00,49.5,-114.0,4.4152985
2019-10-29 00:00:00,49.5,-114.0,3.309539
2019-10-29 01:00:00,49.5,-114.0,2.5870755
2019-10-29 02:00:00,49.5,-114.0,2.2919295
2019-10-29 03:00:00,49.5,-114.0,2.1004264
2019-10-29 04:00:00,49.5,-114.0,2.0374243
2019-10-29 05:00:00,49.5,-114.0,2.0598412
2019-10-29 06:00:00,49.5,-114.0,1.642029
2019-10-29 07:00:00,49.5,-114.0,1.2667905
2019-10-29 08:00:00,49.5,-114.0,1.1473023
2019-10-29 09:00:00,49.5,-114.0,1.6382827
2019-10-29 10:00:00,49.5,-114.0,1.6825751
2019-10-29 11:00:00,49.5,-114.0,1.8059409
2019-10-29 12:00:00,49.5,-114.0,1.9390734
2019-10-29 13:00:00,49.5,-114.0,2.0901964
2019-10-29 14:00:00,49.5,-114.0,2.2617624
2019-10-29 15:00:00,49.5,-114.0,2.2014797
2019-10-29 16:00:00,49.5,-114.0,2.0053551
2019-10-29 17:00:00,49.5,-114.0,1.837682
2019-10-29 18:00:00,49.5,-114.0,1.9294626
2019-10-29 19:00:00,49.5,-114.0,2.251902
2019-10-29 20:00:00,49.5,-114.0,2.766006
2019-10-29 21:00:00,49.5,-114.0,3.0867105
2019-10-29 22:00:00,49.5,-114.0,3.3297248
2019-10-29 23:00:00,49.5,-114.0,2.9722471
2019-10-30 00:00:00,49.5,-114.0,2.8659499
2019-10-30 01:00:00,49.5,-114.0,2.8336937
2019-10-30 02:00:00,49.5,-114.0,2.8562121
2019-10-30 03:00:00,49.5,-114.0,2.8606262
2019-10-30 04:00:00,49.5,-114.0,2.9060147
2019-10-30 05:00:00,49.5,-114.0,2.9227335
2019-10-30 06:00:00,49.5,-114.0,2.9689176
2019-10-30 07:00:00,49.5,-114.0,2.993886
2019-10-30 08:00:00,49.5,-114.0,3.0460951
2019-10-30 09:00:00,49.5,-114.0,3.037246
2019-10-30 10:00:00,49.5,-114.0,3.1528656
2019-10-30 11:00:00,49.5,-114.0,3.1666665
2019-10-30 12:00:00,49.5,-114.0,3.2398353
2019-10-30 13:00:00,49.5,-114.0,3.2500522
2019-10-30 14:00:00,49.5,-114.0,3.282027
2019-10-30 15:00:00,49.5,-114.0,3.3921354
2019-10-30 16:00:00,49.5,-114.0,3.315902
2019-10-30 17:00:00,49.5,-114.0,3.8620343
2019-10-30 18:00:00,49.5,-114.0,4.150219
2019-10-30 19:00:00,49.5,-114.0,4.222842
2019-10-30 20:00:00,49.5,-114.0,4.228533
2019-10-30 21:00:00,49.5,-114.0,4.522164
2019-10-30 22:00:00,49.5,-114.0,4.8205442
2019-10-30 23:00:00,49.5,-114.0,4.4177957
2019-10-31 00:00:00,49.5,-114.0,4.2405686
2019-10-31 01:00:00,49.5,-114.0,4.3779907
2019-10-31 02:00:00,49.5,-114.0,4.5466022
2019-10-31 03:00:00,49.5,-114.0,4.4062743
2019-10-31 04:00:00,49.5,-114.0,4.2920675
2019-10-31 05:00:00,49.5,-114.0,4.022833
2019-10-31 06:00:00,49.5,-114.0,3.872197
2019-10-31 07:00:00,49.5,-114.0,3.6589184
2019-10-31 08:00:00,49.5,-114.0,3.5380504
2019-10-31 09:00:00,49.5,-114.0,3.338516
2019-10-31 10:00:00,49.5,-114.0,3.4407556
2019-10-31 11:00:00,49.5,-114.0,3.4786427
2019-10-31 12:00:00,49.5,-114.0,3.418107
2019-10-31 13:00:00,49.5,-114.0,3.3476114
2019-10-31 14:00:00,49.5,-114.0,3.2524974
2019-10-31 15:00:00,49.5,-114.0,2.9098797
2019-10-31 16:00:00,49.5,-114.0,2.6674094
2019-10-31 17:00:00,49.5,-114.0,2.8253648
2019-10-31 18:00:00,49.5,-114.0,2.8635566
2019-10-31 19:00:00,49.5,-114.0,3.0152946
2019-10-31 20:00:00,49.5,-114.0,2.8178484
2019-10-31 21:00:00,49.5,-114.0,2.2956781
2019-10-31 22:00:00,49.5,-114.0,2.0181024
2019-10-31 23:00:00,49.5,-114.0,1.8127123
